Author,Author Average Rating,Author Votes,Review Count,Distinct Works,chi
Ursula K. Le Guin,4.07,1258005,85585,753,45
Jodi Picoult,3.99,4447186,273761,82,34
Frances Cha,3.76,41079,5356,4,31
Michelle McNamara,4.12,210117,18190,2,41
George Orwell,4.1,8007938,201434,729,45
Anna Davies,3.06,2795,492,18,32
John Berger,3.92,374960,5391,190,34
Jason Fried,3.96,186338,7255,8,31
Holly Black,4.09,2906066,278341,168,44
Osamu Dazai,4.06,132342,14887,648,45
Suzanne Collins,4.26,14551657,471013,32,43
Ernest Hemingway,3.83,2446525,97595,944,35
George R.R. Martin,4.37,6423128,220105,1121,45
Mindy Kaling,3.91,744671,39434,23,33
Katie McGarry,4.08,273501,24535,25,43
John Ruskin,3.77,8484,772,753,35
Raven Leilani,3.56,82410,10825,1,31
Chinua Achebe,3.74,378361,20932,102,34
Bram Stoker,4.0,1200568,43083,1456,45
Victoria Schwab,3.97,394763,67494,30,33
Kate Atkinson,3.81,654534,67510,57,34
C.S. Lewis,4.16,7067589,179295,671,45
Kate Quinn,4.32,824549,70577,26,43
Junot Díaz,3.88,394370,33043,52,33
Jesse Kellerman,3.57,37973,4159,20,33
Mark Kurlansky,3.78,117164,9890,56,34
Emily Henry,4.05,1909407,216963,11,42
Patrick Ness,4.1,796599,104007,47,43
William Codpiece Thwackery,2.86,546,140,2,21
Claire Legrand,3.85,103339,18161,24,33
Rohinton Mistry,4.28,180570,12494,23,43
Jeph Loeb,4.11,386954,15760,841,45
Chuck Palahniuk,3.84,1638041,74331,149,34
Elizabeth Gaskell,4.01,315623,20932,578,45
Jared Diamond,4.01,502119,20648,46,43
Agatha Christie,4.02,5724161,337897,3345,45
Kim  Savage,3.16,4499,1088,3,31
Susan McCorkindale,2.9,1506,367,5,21
Roald Dahl,4.14,3884933,114661,913,45
Jenny  Lawson,3.91,382119,40707,7,31
Malcolm Gladwell,4.03,2627214,106464,90,44
Alan Lightman,3.81,143146,9525,44,33
Margaret Atwood,4.04,3486340,218499,470,45
Lauren  Hough,3.27,8713,1592,1,31
William Shakespeare,3.86,7295720,154513,7712,35
Alice Oseman,4.5,1749895,210923,48,43
Brooke Parkhurst,3.35,417,77,4,31
David Mamet,3.83,83307,4830,147,34
Sam Humphries,3.62,36471,5107,372,35
David Bayles,3.76,84922,1277,5,31
Tia Williams,4.08,91995,11681,21,43
Sue Monk Kidd,4.07,1745263,82645,38,43
Neil Gaiman,4.14,7226566,450340,1481,45
Colleen Hoover,4.24,9637673,874520,70,44
Fyodor Dostoevsky,4.19,1947728,101872,2344,45
Lily King,3.94,223509,26214,14,32
Shel Silverstein,4.34,3015019,42829,118,44
Alexandra Bracken,4.09,505672,58592,31,43
Patrick Süskind,4.01,441779,23386,33,43
Bryn Greenwood,4.02,152084,20367,5,41
Marie Rutkoski,4.03,250064,34556,22,43
Charles Dickens,3.91,3609527,121943,5782,35
Ta-Nehisi Coates,4.27,499209,49084,221,45
Siddhartha Mukherjee,4.32,145036,12607,28,43
Harriet Lane,3.08,15629,2648,6,31
Benjamin Lebert,3.01,3154,215,14,32
Frank Miller,4.13,820018,23429,806,45
Bram Stoker,4.0,1200560,43083,1456,45
Peter Carey,3.61,87855,7609,77,34
Stephen King,4.06,17484985,775861,1886,45
E. Llewellyn,2.89,340,137,2,21
Malinda Lo,3.92,139559,20546,51,33
J.R.R. Tolkien,4.35,10073631,175261,512,45
Colleen Hoover,4.24,9639646,874623,62,44
Peter Straub,4.02,466352,21219,220,45
Katie Crouch,3.13,19426,3024,10,32
Miranda Cowley Heller,3.86,217680,16578,1,31
Randall Munroe,4.15,202771,14524,18,42
Melissa de la Cruz,3.79,719526,44486,125,34
Candace Bushnell,3.37,234967,12462,33,33
Rebecca    Campbell,2.68,614,80,3,21
Scott Lobdell,3.78,102390,8285,1229,35
Susan Schneider,3.37,720,121,22,33
Helene Wecker,4.12,129617,16631,10,42
Tuhin A. Sinha,3.24,1747,233,14,32
Anthony Burgess,4.0,751071,22405,193,44
Dan Simmons,4.09,710917,41028,223,45
Sally Rooney,3.78,1665226,166483,33,33
Carolyn Murnick,3.06,1795,338,2,31
Emma Tennant,2.76,3648,642,59,24
H.G. Wells,3.82,1238344,50189,2250,35
Sally Rooney,3.78,1665108,166468,33,33
Carley Fortune,4.31,196738,21857,2,41
B.R. Collins,3.34,1103,202,8,31
Umberto Eco,3.97,641237,29105,652,35
Jessamine Chan,3.56,49840,7703,1,31
Amy Sohn,3.56,13499,1269,18,32
Benjamin Graham,4.25,126869,3365,59,44
Becky  Chambers,4.25,327695,49882,26,43
Susanna Kaysen,3.91,219055,7821,9,32
Malcolm X,4.35,259327,8571,44,43
Felipe Smith,3.67,7105,857,54,34
Bryan Stevenson,4.62,261984,31967,22,43
Kurt Vonnegut Jr.,4.07,2787266,100773,464,45
Ernest Hemingway,3.83,2446480,97593,944,35
Roald Dahl,4.14,3884953,114661,913,45
Amy Grace Loyd,2.79,1323,233,1,21
Liane Moriarty,3.95,3271355,221863,35,33
Jazon Dion Fletcher,2.62,151,53,2,21
Robert Kolker,4.06,125434,12561,3,41
Stephanie Perkins,3.92,799433,80016,12,32
Jay Asher,3.84,982387,65351,14,32
Sarah J. Maas,4.36,8085813,673367,87,44
Emily Henry,4.05,1909874,216997,11,42
Alice Sebold,3.82,2371981,54762,14,32
Cassandra Clare,4.23,8430713,485060,187,44
Mette Ivie Harrison,3.37,28623,3791,64,34
Christina Baker Kline,4.11,556264,45971,18,42
Maggie O'Farrell,4.09,375352,45670,41,43
Matt Haig,4.01,1668423,188003,89,44
Josie Silver,3.86,338438,36056,4,31
Gillian Flynn,4.06,4699849,273616,21,43
Octavia E. Butler,4.21,574767,59983,83,44
Ann Brashares,3.8,1052345,31289,42,33
Gail Honeyman,4.25,1051380,85287,5,41
Alan Moore,4.24,1681066,52900,1033,45
John Updike,3.8,307058,20816,386,35
Rachel Hawkins,3.84,695944,68308,25,33
Robert K. Massie,4.06,209806,9566,29,43
Michael  Hughes,2.5,788,494,4,21
Neal Shusterman,4.22,1004938,127742,86,44
Leigh Bardugo,4.17,3659366,407619,69,44
Bernardine Evaristo,4.28,218885,21963,54,44
Edgar Allan Poe,4.15,1539993,51513,5482,45
Stefan Żeromski,2.89,22319,1081,68,24
Daphne Beal,3.29,361,59,3,31
E.H. Gombrich,3.96,419784,3783,89,34
Matthew McConaughey,4.21,220079,25966,6,41
Abi Maxwell,3.21,682,172,3,31
Stephanie Garber,4.12,651404,88758,10,42
Amor Towles,4.19,971608,97558,22,43
Lewis Carroll,4.05,1522832,42980,1631,45
Doris Kearns Goodwin,4.23,274504,15332,33,43
Roxane Gay,4.06,303088,35484,123,44
Jia Tolentino,4.07,62717,7255,7,41
Alix E. Harrow,4.01,203837,33510,39,43
John Boyne,4.16,1045043,70117,44,43
Amanda McKittrick Ros,2.19,227,53,11,22
Ruta Sepetys,4.33,538270,69720,10,42
Victoria Aveyard,3.94,1634749,124982,24,33
William Paul Young,3.8,627614,37213,20,33
Amie Kaufman,4.21,500317,90698,30,43
Colleen Hoover,4.24,9638832,874566,70,44
Zoe Desh,1.53,290,202,1,11
Marie Lu,4.15,1523399,155114,44,43
Marion Zimmer Bradley,4.0,469365,15492,450,45
Mark Schultz,3.94,23976,1974,235,35
Kevin Trudeau,3.22,3639,606,33,33
Diane Williams,3.55,3686,615,61,34
Christina Lauren,3.99,2257595,229463,74,34
Marissa Meyer,4.21,2589838,270012,56,44
James Joyce,3.75,475816,27859,838,35
Annie Barrows,4.17,778368,66217,44,43
Daniel Goleman,3.99,199835,10305,233,35
Holly Black,4.09,2905818,278307,168,44
Jeff Lemire,4.0,364798,36500,1104,45
Colleen Hoover,4.24,9639290,874594,70,44
Walt Whitman,4.12,152018,6155,888,45
Isabel Wilkerson,4.49,212971,28557,7,41
R.J. Palacio,4.38,1105961,86366,29,43
Madeleine L'Engle,3.99,1610315,59300,141,34
Coleridge Cook,2.94,986,202,1,21
Bernhard Schlink,3.75,215059,14033,60,34
Leigh Bardugo,4.17,3659486,407633,69,44
Kristin Harmel,4.26,298562,31726,24,43
Garson O'Toole,2.99,1918,232,1,21
Ira Levin,3.96,234324,13090,55,34
Richard Osman,4.12,445393,46820,20,43
Khaled Hosseini,4.33,4717719,195536,27,43
Hank Green,4.09,139679,21246,7,41
Simone Holloway,3.22,3877,299,176,34
Lemony Snicket,3.99,2306984,88029,95,34
Karen M. McManus,3.95,1065771,104439,23,33
Daniel H. Pink,3.91,201754,12363,116,34
Jennifer Niven,4.06,624222,60562,19,42
Melissa Albert,3.63,112128,17676,9,32
Thomas  Harris,4.08,1002448,22444,28,43
Philip Athans,3.88,19120,678,53,33
Diana Gabaldon,4.29,2852758,147520,188,44
Roald Dahl,4.14,3884910,114660,913,45
Lao Tzu,4.29,148159,6754,337,45
Laini Taylor,4.1,868387,104378,33,43
Robert Louis Stevenson,3.85,1327359,50114,3473,35
Gloria Tesch,2.36,268,77,6,21
Robin DiAngelo,4.21,180687,21468,15,42
Pat Barker,3.93,160325,15475,25,33
Faridah Àbíké-Íyímídé,4.24,59076,12069,4,41
Onision,1.74,1485,367,7,11
Edmund Morris,4.1,143904,5077,17,42
Lucy   Jackson,2.9,1130,131,2,21
Helen Hoang,3.93,572836,69395,7,31
Henryk Sienkiewicz,3.74,77709,3538,342,35
Amor Towles,4.19,971666,97560,22,43
Taylor Jenkins Reid,4.27,3847785,430295,19,42
Dan Brown,3.87,7967792,200538,134,34
Keith Gessen,4.15,35938,4395,34,43
Jen Sincero,3.94,251746,16463,128,34
Frank McCourt,4.07,705685,19084,43,43
Jane Austen,4.14,7410613,236945,2081,45
Stephen King,4.06,17484688,775845,1886,45
James Robinson,3.79,78401,6899,875,35
Alice LaPlante,3.54,22593,3491,17,32
Rory Power,3.49,83995,16697,9,32
Haruki Murakami,3.95,3150985,247612,429,35
Ibram X. Kendi,4.43,203622,26245,22,43
Julie Powell,3.68,163102,9403,5,31
Simone St. James,3.97,321496,41277,9,32
V.E. Schwab,4.17,1701537,237368,61,44
Holly  Jackson,4.33,755478,94899,10,42
Trevor Noah,4.49,593237,50507,7,41
Germaine Guèvremont,2.83,1223,68,7,21
Ashlee Vance,4.2,348209,11709,11,42
Liu Cixin,4.2,475804,45391,132,44
Barbara Kingsolver,4.02,1464814,87602,64,44
Matthew Desmond,4.47,84689,10472,12,42
Peter Thiel,4.18,305520,7992,27,43
Neil Gaiman,4.14,7226538,450339,1481,45
Jonathan Safran Foer,3.96,726617,48549,54,34
Jordan B. Peterson,3.96,202411,16666,32,33
Martha Hall Kelly,4.25,340128,28519,10,42
Dr. Seuss,4.25,3632877,64723,463,45
William  Gladstone,2.6,763,143,2,21
Fyodor Dostoevsky,4.19,1947683,101864,2344,45
Douglas   Stuart,4.33,136684,16852,13,42
Kazuo Ishiguro,3.85,1336703,117743,46,33
Joseph Caldwell,3.1,2405,558,22,33
Victor Hugo,4.15,1056458,34644,2259,45
Bennett Madison,3.33,4306,875,8,31
Stephen King,4.06,17484898,775851,1886,45
Tahereh Mafi,4.09,2005196,210822,35,43
Chimamanda Ngozi Adichie,4.33,1015525,93204,111,44
Jane Austen,4.14,7410768,236954,2082,45
Riley Sager,3.87,711740,95191,10,32
Dan   Harris,3.91,108085,8153,9,32
Neil Gaiman,4.14,7226470,450330,1481,45
Hermann Hesse,4.07,1157488,47775,959,45
Paul Theroux,3.83,150582,12516,183,34
Eliyzabeth Yanne Strong-Anderson,1.86,273,95,1,11
Franz Kafka,3.89,1520646,60290,1624,35
Rick Remender,3.89,155370,14092,852,35
S.J. Watson,3.86,343246,27062,7,31
Matt Fraction,3.97,320772,23406,746,35
Haruki Murakami,3.95,3150949,247606,429,35
H.P. Lovecraft,4.0,692989,44204,3388,45
Christina Lauren,3.99,2257800,229480,74,34
Abigail Jones,2.81,626,118,19,22
Ransom Riggs,3.97,1666716,107826,27,33
Fredrik Backman,4.26,2271354,270378,27,43
Madeleine Wickham,3.35,132755,6145,16,32
Matthew Walker,4.38,148224,15520,18,42
Anna  Fields,2.89,333,67,2,21
R.F. Kuang,4.26,304410,57977,15,42
Susan Ee,4.11,355564,34030,12,42
Cheryl Strayed,4.06,840349,56039,26,43
Kim Strickland,3.1,322,62,3,31
Kelly  Garrett,3.2,3001,592,3,31
Greg Pak,3.81,111161,10667,1056,35
Vincent van Gogh,4.1,111544,1594,345,45
Randy Pausch,4.26,330619,18605,10,42
Chloe Gong,4.1,157283,32845,14,42
Dalai Lama XIV,4.18,329280,18626,809,45
Robert Stanek,3.02,3437,473,308,35
Robert T. Kiyosaki,4.1,696201,27513,204,44
Brené Brown,4.23,753418,52412,57,44
Gregg Olsen,4.01,418724,30644,108,44
Brian K. Vaughan,4.24,1843828,109688,668,45
Michelle Smith,2.99,909,215,120,24
Howard Jacobson,3.24,35972,4978,60,34
Tony Abbott,3.9,57891,4664,129,34
Jojo Moyes,4.11,3002905,213732,60,44
Amanda Lovelace,3.82,219214,26575,26,33
Norman Mailer,3.81,82275,5927,198,34
M.J.    Edwards,2.31,5089,2760,12,22
John Green,4.0,8873561,413746,46,43
M.R. Carey,3.93,285276,31598,25,33
Jodi Picoult,3.99,4447198,273761,82,34
Erik Larson,4.0,1154517,87030,26,43
Maurice Sendak,4.22,1206749,23221,205,44
Kendare Blake,3.89,402363,50430,41,33
Dr. Seuss,4.25,3632867,64723,416,45
Mark T. Sullivan,4.33,438018,32120,32,43
J.K. Rowling,4.46,32199209,716319,385,45
Christina Lauren,3.99,2257914,229494,74,34
William Paul Young,3.8,627640,37213,20,33
Caroline Criado Pérez,4.36,84336,11212,8,41
Raina Telgemeier,4.26,821917,41701,49,43
Margaret Atwood,4.04,3486465,218506,470,45
Friedrich Nietzsche,4.04,420142,17368,1407,45
Jenny Han,3.97,2416345,190389,37,33
David Levithan,3.74,1371653,112797,106,34
Ana Huang,4.02,597159,64345,13,42
Chris Voss,4.37,120222,7726,20,43
Angela Duckworth,4.08,105280,7695,12,42
Nicholas Sparks,4.1,6336786,194774,193,44
Toni Morrison,3.98,995568,61510,156,34
Genevieve Gornichec,4.06,34882,5640,7,41
Katherine Paterson,3.99,596192,22570,119,34
Fiona Maazel,2.97,1359,276,7,21
Jody Shields,2.92,4175,724,6,21
Douglas Adams,4.2,3166199,75140,87,44
Simone Elkeles,4.06,537347,26924,19,42
Mary E. Pearson,4.07,428080,47726,35,43
Annelies Verbeke,3.24,6224,565,44,33
George R.R. Martin,4.37,6423033,220099,1121,45
Mariana Zapata,4.2,901990,100956,15,42
Dot Hutchison,4.08,227890,20556,7,41
Ruth Ware,3.76,1586339,141424,17,32
Michael Pearl,3.43,4126,587,66,34
Elif Shafak,4.02,410952,48478,60,44
Eva Gale,2.91,445,98,6,21
Gabriel Bá,3.95,159619,13792,130,34
Kerri Maniscalco,4.06,544179,75988,15,42
Paul Park,3.54,5038,690,56,34
S.A. Chakraborty,4.29,179087,25967,12,42
Ernest Hemingway,3.83,2446530,97597,944,35
James Sage,3.38,631,183,23,33
Jostein Gaarder,3.93,342393,22451,47,33
Tim O'Brien,4.08,348830,21442,81,44
Kristijonas Donelaitis,2.64,821,35,6,21
Adèle Lang,3.59,14277,357,6,31
Ariel Schrag,3.42,9654,1377,13,32
Robert Galbraith,4.05,1273073,96788,17,42
Maria V. Snyder,4.03,568696,42941,64,44
Stephen King,4.06,17485048,775865,1886,45
Stephen Hawking,4.19,707595,27905,136,44
Vincent Bugliosi,4.04,159154,6395,31,43
Jules Verne,3.89,920034,39783,2376,35
Rudolph Brasch,2.99,324,58,22,23
Sue Monk Kidd,4.07,1745267,82645,38,43
Gary Chapman,4.23,468222,24684,295,45
E.L. James,3.75,4424672,167742,39,33
John Green,4.0,8873706,413753,46,43
Haruki Murakami,3.95,3150997,247614,429,35
Alexis Henderson,3.8,33716,6210,4,31
Ashley Flowers,3.91,59531,7574,4,31
Ernest Cline,4.09,1301868,128782,14,42
Jon Krakauer,4.06,1816833,69478,43,43
V.E. Schwab,4.17,1701350,237349,61,44
Jennifer Niven,4.06,624153,60559,19,42
Alice Oseman,4.5,1749722,210904,48,43
N.H. Kleinbaum,4.2,79223,5246,12,42
Clarissa Pinkola Estés,4.15,74261,5737,56,44
Kody Keplinger,3.8,273861,21575,14,32
Janet Evanovich,4.01,3903640,172963,156,44
Margaret Erhart,2.93,321,75,7,21
Rupi Kaur,4.05,960561,63189,14,42
Nuruddin Farah,3.41,5036,772,25,33
Robert Kirkman,4.24,1240541,58077,1788,45
Janne S. Drangsholt,3.07,7100,770,8,31
Karel Glastra van Loon,3.28,5210,269,16,32
J.R.R. Tolkien,4.35,10073413,175255,512,45
Nicholas Sparks,4.1,6336902,194782,193,44
Lisa Taddeo,3.71,152621,14196,12,32
John Green,4.0,8873634,413752,46,43
Renate Dorrestein,3.35,13149,1052,64,34
Mark Z. Danielewski,4.04,173174,17229,17,42
Christina Hopkinson,3.13,1889,255,13,32
Jennifer Saint,3.81,84651,12490,4,31
Samuel       Miller,3.59,3215,554,3,31
Celeste Ng,4.01,1539049,115897,14,42
Michael Pollan,4.12,613429,47259,62,44
Chip Heath,4.0,174487,9394,31,43
Matt Haig,4.01,1668194,187984,89,44
Sequoia Nagamatsu,3.89,23768,4465,10,32
Frances Hodgson Burnett,4.16,1422593,38143,647,45
Ruth Ware,3.76,1586324,141424,17,32
Chloe  Benjamin,3.71,193532,19225,3,31
Terry Pratchett,4.16,4926126,186956,415,45
Lexi Ryan,4.1,185334,21935,64,44
Heather   Morris,4.3,934631,63073,14,42
Doug Moench,3.88,82226,4887,1324,35
Erin Somers,2.91,2586,435,2,21
Naomi Novik,4.06,867228,97459,65,44
Lydia Pyne,3.45,936,212,9,32
Brigid Kemmerer,4.04,394534,58005,26,43
E. Lockhart,3.69,1161168,118207,22,33
Ruth Ware,3.76,1586305,141423,17,32
E.M. Forster,3.88,434834,24629,418,35
Benjamin Nugent,3.15,3497,612,6,31
Michael A. Singer,4.21,97944,7634,49,43
Anita Diamant,4.11,691348,34837,24,43
Michelle Zauner,4.29,223826,26634,1,41
Alice McDermott,3.6,56318,6966,23,33
John  Gray,3.61,206622,8875,231,35
Mark Twain,3.87,2625117,58463,3543,35
William W. Johnstone,4.26,155660,8340,551,45
Jane Carruth,4.03,386950,5605,142,44
Polly Williams,3.41,4269,485,12,32
Naomi Campbell,4.04,2065,223,13,42
Tillie Cole,4.21,455903,57507,51,43
Rick Riordan,4.34,11197382,446246,278,45
Wendy  Holden,3.26,16127,1349,30,33
Rebecca Harrington,2.77,6486,1361,5,21
Ann Patchett,3.95,1225257,113662,68,34
William Faulkner,3.84,564338,31928,573,35
Jeneva Rose,4.02,195216,16384,6,41
Jessica Cutler,2.84,1579,307,1,21
Paul Kalanithi,4.39,561834,42955,9,42
Ralph Ellison,3.9,183821,8218,52,33
William Goldman,4.25,898235,25669,56,44
O.J. Simpson,3.25,8649,1205,10,32
Fonda Lee,4.27,72685,14033,25,43
Caitlin Kelly,3.71,7637,2041,128,34
Shobhaa Dé,2.76,4915,474,36,23
Alexandre Dumas,4.2,1398021,46649,3373,45
Niccolò Machiavelli,3.84,337017,11915,605,35
Margaret Atwood,4.04,3486398,218504,470,45
Leigh Bardugo,4.17,3659317,407612,69,44
Kim Edwards,3.68,603794,22665,15,32
William Shakespeare,3.86,7295810,154517,7712,35
Karin Slaughter,4.07,1522336,109106,107,44
Rebecca Serle,3.75,500043,49618,13,32
Paula Hawkins,3.89,3112958,158294,16,32
Gregory Maguire,3.54,925141,51653,95,34
Talia Hibbert,3.95,351927,57414,29,33
Richard  Adams,4.06,495105,18719,75,44
Scott Lynch,4.24,533487,35125,46,43
James Patterson,3.99,7545443,398192,1046,35
Thomas Caplan,2.75,388,118,4,21
Ruth Ware,3.76,1586352,141425,17,32
Simon Sinek,4.09,262016,14716,52,43
Kristin Hannah,4.31,3556418,296617,82,44
Krystal Sutherland,3.97,81592,14407,5,31
Eliza Orzeszkowa,3.04,6922,401,94,34
Ray Bradbury,3.99,2966069,120425,1691,35
Philippa Gregory,3.93,1632026,84236,112,34
Laura Hillenbrand,4.35,1045152,54041,6,41
Atul Gawande,4.33,307997,29215,28,43
Hanan Al-Shaykh,3.55,10406,1271,26,33
Nicola Yoon,3.99,922896,92982,17,32
Riley Sager,3.87,711749,95191,10,32
Amanda Marrone,3.45,13454,1126,8,31
Jodi Picoult,3.99,4447168,273760,82,34
Sarah J. Maas,4.36,8084822,673308,87,44
Danielle Staub,2.4,280,44,1,21
Barack Obama,4.04,592643,34941,223,45
Leon de Winter,3.45,9049,414,49,33
Pepe Moreno,2.87,291,45,11,22
Charlotte McConaghy,4.15,114049,16133,21,43
David Snodin,3.26,345,92,5,31
Colleen Hoover,4.24,9640004,874642,62,44
Alan A. McLean,1.99,1318,200,5,11
Michael Irwin,3.6,1799,265,28,33
Marie Benedict,3.91,338171,36287,14,32
Cormac McCarthy,4.02,1406700,95507,46,43
Sarah J. Maas,4.36,8085443,673345,87,44
Jill Price,2.92,946,246,6,21
Jason Rekulak,4.14,72953,10173,9,42
Gerard Jones,3.97,28665,1142,403,35
Truman Capote,4.01,947188,42691,223,45
Veronica Roth,4.03,6677273,294115,50,43
Wakefield Master,2.84,913,69,3,21
Jennifer L. Armentrout,4.21,3294312,292062,120,44
Holly  Jackson,4.33,755696,94926,10,42
Hanya Yanagihara,4.26,463277,71959,14,42
Thomas  Harris,4.08,1002434,22444,28,43
Rainbow Rowell,3.96,2766957,263016,93,34
Monica Ali,3.69,96131,7926,15,32
Elena Ferrante,4.14,826425,67592,28,43
Erin Sterling,3.59,146222,22317,3,31
Pamela L. Laskin,2.85,1596,449,13,22
J.K. Rowling,4.46,32200287,716343,385,45
Vina Jackson,3.21,12335,1157,16,32
Eric Carle,4.24,978734,27037,417,45
Rachel Hollis,3.69,337910,28672,19,32
Cassandra Clare,4.23,8430727,485062,187,44
Tahereh Mafi,4.09,2005157,210817,35,43
Cecelia Ahern,3.92,864737,52719,74,34
Simone St. James,3.97,321494,41277,9,32
Azareen Van der Vliet Oloomi,3.04,1740,444,7,31
Silvia Moreno-Garcia,3.72,400511,63951,143,34
Orson Scott Card,4.1,2957329,117291,634,45
Rebecca Makkai,4.11,137618,15405,24,43
م. مودب‌پور,2.65,6903,396,9,22
Susan Isaacs,3.47,25240,2982,31,33
Dante Alighieri,4.03,370135,15060,919,45
Greg Bear,3.87,642230,19827,191,34
Louisa May Alcott,4.1,2359676,64153,1638,45
Sylvia Plath,4.07,976632,48839,205,44
James Dashner,3.95,2764824,144704,50,33
Yuval Noah Harari,4.33,1222292,74056,54,44
Maya Angelou,4.27,665937,27452,174,44
Ned Vizzini,4.04,294919,17847,23,43
Sarah Hogle,3.89,114174,21140,5,31
Penelope Douglas,3.95,1341078,127177,40,33
Rupi Kaur,4.05,960641,63192,14,42
Monica Gallagher,3.7,2349,407,53,33
Norman Boutin,1.48,197,90,1,11
Chuck Palahniuk,3.84,1638024,74329,149,34
Francie Lin,2.83,301,70,2,21
Colson Whitehead,4.06,700061,67228,33,43
Miguel Ruiz,4.18,402423,21412,112,44
Michelle Hodkin,4.09,332431,36177,11,42
Lisa See,4.04,858490,67446,20,43
Francine du Plessix Gray,3.95,66830,1445,23,33
Maggie Stiefvater,4.0,1864417,180088,59,44
Gabe Hudson,2.96,1070,302,3,21
Si Spencer,3.56,3359,380,88,34
Chrissy Olinger,2.94,677,69,2,21
Homer,3.84,1514849,29713,1246,35
Abby Jimenez,4.15,300605,36931,5,41
Matthew Klam,3.36,3021,506,9,32
George R.R. Martin,4.37,6423152,220105,1121,45
Becky Albertalli,4.04,728898,85475,15,42
William Peter Blatty,4.15,232406,8712,30,43
D'Arcy Adrian-Vallance,2.17,1225,191,15,22
Susan Coll,2.97,3120,727,8,21
Donna Tartt,4.0,1424468,126051,28,43
Shelby Van Pelt,4.47,72854,11358,1,41
Ruth Ann Nordin,3.83,55250,4002,156,34
Alan Moore,4.24,1681042,52899,1033,45
Cutter Wood,2.69,538,117,3,21
Miranda Popkey,2.82,8274,1335,3,21
Michael  Grant,4.01,551866,34080,58,44
Patti Smith,4.12,319168,24471,113,44
May R. Ayamonte,2.48,3168,766,9,22
Gordon Dahlquist,3.51,12060,1631,17,32
Aldous Huxley,3.99,2028148,52877,442,35
Jim Butcher,4.25,2834165,126811,194,44
John Tiffany,3.52,909288,70641,16,32
Hunter S. Thompson,4.03,534399,16185,78,44
Toni Morrison,3.98,995586,61512,156,34
John Steinbeck,3.95,4401139,134553,461,35
Patricia Duncker,3.74,4626,518,21,33
Rahul Kanakia,3.44,11530,2881,30,33
Mary Ann Shaffer,4.18,704262,59403,6,41
Virginia Woolf,3.86,1099174,66047,1118,35
K.M. Robinson,3.67,1089,359,40,33
Cullen Bunn,3.82,158359,15904,1378,35
Kelly Rimmer,4.34,217502,20333,17,42
Meenakshi Reddy Madhavan,3.03,1532,146,12,32
Etaf Rum,4.26,123789,13655,2,41
David Means,3.52,6178,1005,29,33
Blaine Ray,2.89,2611,837,46,23
Chimamanda Ngozi Adichie,4.33,1015537,93204,111,44
Mary Beth Keane,3.93,189155,17540,4,31
Thomas Hardy,3.86,673573,32752,1187,35
Arielle Eckstut,3.83,2002,367,8,31
Tahereh Mafi,4.09,2005237,210828,35,43
Justin Halpern,3.95,174672,10750,6,31
Hafsah Faizal,4.02,96795,14660,8,41
Sarah J. Maas,4.36,8084588,673297,87,44
Chloe Hooper,3.91,11123,1200,10,32
David McCullough,4.08,883396,39003,80,44
Lauren  Hough,3.27,8714,1592,1,31
Charlotte Williams,3.05,942,155,19,32
Mark Twain,3.87,2625108,58463,3543,35
Sara Kadefors,3.16,3912,249,21,33
Khaled Hosseini,4.33,4717827,195538,27,43
Caroline Peckham,4.34,662696,57944,87,44
Dan Brown,3.87,7967790,200537,134,34
Naomi Alderman,3.78,223748,26376,33,33
Richard Noll,3.62,243,40,11,32
Robert B. Cialdini,4.17,159484,6126,49,43
Christopher Ransom,2.72,6474,1145,9,22
William Shakespeare,3.86,7295898,154522,7712,35
Charles C. Mann,4.06,105432,6962,31,43
Gretchen Rubin,3.67,258999,24668,29,33
Rick Riordan,4.34,11197670,446248,278,45
Michelle Obama,4.48,910855,64563,35,43
سعيد أبو العينين,3.47,356,73,11,32
Cassandra Clare,4.23,8430574,485054,187,44
G.P. Taylor,3.22,8755,988,34,33
Helen Hoang,3.93,572768,69387,7,31
Toshikazu Kawaguchi,3.78,202429,30152,10,32
Katee Robert,3.75,506591,61425,134,34
Neal Adams,3.9,47400,3897,738,35
Robert A. Heinlein,3.94,1202810,42057,651,35
Michael Gerber,2.9,4224,349,30,23
James Dashner,3.95,2764979,144706,50,33
Robin Kirman,2.84,2237,587,4,21
Glendy Vanderah,4.18,197597,16896,4,41
Rhonda Byrne,3.77,497513,18421,27,33
Paula Hawkins,3.89,3112993,158295,16,32
Rachael Lippincott,4.16,238450,26462,8,41
James Baldwin,4.32,400215,36680,184,44
Susan Minot,3.45,12336,1715,19,32
Patrick Ness,4.1,796597,104007,47,43
Agatha Christie,4.02,5724416,337931,3345,45
Marc Guggenheim,3.85,52855,4085,535,35
Lewis Carroll,4.05,1522822,42980,1631,45
Dave Bruno,2.89,2216,432,2,21
Thea Goodman,2.8,891,162,1,21
Emily Brontë,3.89,1670616,53104,695,35
Liv Constantine,3.89,315855,25900,10,32
Rick Riordan,4.34,11197573,446248,278,45
Joshua Cohen,3.63,10023,1690,64,34
William Kent Krueger,4.22,485956,51616,79,44
N.K. Jemisin,4.2,764467,82803,119,44
Elizabeth Gilbert,3.69,2279111,116283,46,33
William Faulkner,3.84,564338,31926,573,35
Stephen King,4.06,17485061,775865,1886,45
Jenny Han,3.97,2416066,190370,37,33
Solomon Northup,4.2,115869,7915,82,44
Chimamanda Ngozi Adichie,4.33,1015521,93204,111,44
Ann Napolitano,4.08,142877,15576,7,41
Georgie Thompson,2.64,476,78,1,21
Joseph Conrad,3.5,657435,28417,1189,35
Irma S. Rombauer,4.12,178084,1356,30,43
Yuval Noah Harari,4.33,1222247,74056,54,44
Ann Beattie,3.62,17032,1994,108,34
Larry McMurtry,4.2,339627,20937,92,44
Deborah Harkness,4.07,910259,79023,28,43
Louis Sachar,4.0,1411987,38940,77,44
Alexandra Coutts,3.05,1731,411,2,31
Barack Obama,4.04,592649,34941,223,45
Alexandra Christo,3.78,147735,21242,8,31
Lacey Noonan,3.1,312,72,24,33
Matthew Rosenberg,3.7,29866,4060,391,35
Adam Silvera,3.85,859037,112867,23,33
Michael Arntfield,3.27,3076,403,10,32
Gregory David Roberts,4.24,212822,16554,12,42
J.K. Rowling,4.46,32199613,716327,385,45
Greg McKeown,4.04,107710,9489,12,42
Richelle Mead,4.24,3310059,152579,80,44
Gabrielle Zevin,4.01,479566,63244,14,42
Ivan Brandon,3.38,4651,651,120,34
Shannon Hale,3.98,738735,76982,90,34
Jack London,3.98,884084,35031,3102,35
Kristien Hemmerechts,3.1,4651,356,95,34
Kira Coplin,2.68,289,48,1,21
David Nicholls,3.77,416410,28096,22,33
Kiera Cass,3.99,3603821,223854,33,33
Simone de Beauvoir,4.07,140662,11136,213,45
Malcolm Gladwell,4.03,2627137,106460,90,44
Andrew Sean Greer,3.65,213428,25375,18,32
Jon Krakauer,4.06,1816845,69479,43,43
Dale Carnegie,4.2,1003960,28154,524,45
Leigh Bardugo,4.17,3659601,407636,69,44
Paul Ruditis,4.01,14485,1033,114,44
Amy Poehler,3.86,503759,28773,5,31
Mary E. Pearson,4.07,428090,47730,35,43
Franz Kafka,3.89,1520653,60290,1624,35
Sean Gandert,2.78,1103,146,4,21
Daniel Keyes,4.19,629065,29349,86,44
Katie Kitamura,3.44,40986,5235,11,32
L. Ron Hubbard,3.46,67355,5817,684,35
Erin Morgenstern,4.0,1031796,123844,5,41
Philippa Gregory,3.93,1632066,84238,112,34
Hermann Hesse,4.07,1157455,47773,959,45
C.S. Lewis,4.16,7067463,179290,671,45
David Sedaris,4.01,2059290,90223,77,44
Sheila Curran,3.0,343,74,6,31
Cornelia Funke,3.94,900985,39278,235,35
Eckhart Tolle,4.16,563851,25042,207,45
Lorraine J. Anderson,3.11,408,51,21,33
Jane Smiley,3.75,170262,16476,99,34
David Mitchell,3.94,624104,64082,87,34
Lucy Score,4.29,638806,52269,53,43
Namina Forna,4.01,40690,7478,5,41
Jennifer Egan,3.65,357237,38362,38,33
Alexandre Dumas,4.2,1398032,46649,3373,45
Laura Sebastian,3.93,114532,12561,14,32
Nelson Mandela,4.31,125050,5806,189,44
Kate Williams,3.67,11245,1513,57,34
Alison Cherry,3.59,5217,1142,9,32
Cassandra Clare,4.23,8430569,485052,187,44
Dolly Alderton,4.05,204251,17769,7,41
Alisa Valdes,3.56,34793,1950,23,33
Christopher Paolini,3.98,2784381,68610,56,34
Thomas Dixon Jr.,2.92,496,132,43,23
Elizabeth Wein,3.98,177417,25595,37,33
Colson Whitehead,4.06,700067,67228,33,43
Melina Morel,2.97,269,44,3,21
Jeff Kinney,4.14,1899815,76985,148,44
Brian Greene,4.09,157753,5032,31,43
Taylor Jenkins Reid,4.27,3848787,430375,19,42
Sadie Jones,3.33,26151,3875,8,31
Veronica Roth,4.03,6677151,294114,50,43
Paris Hilton,3.04,1870,176,9,32
Dan Jurgens,3.76,109004,8411,1471,35
Cindy  Jones,2.91,1048,188,1,21
L.M. Montgomery,4.23,1959342,83534,975,45
Charmaine Wilkerson,4.15,77623,9070,4,41
Natasha Tynes,1.64,2317,992,1,11
Cynthia Kaplan,3.45,3541,309,4,31
John Berendt,3.91,282934,12919,18,32
Tom Piccirilli,3.76,18025,2216,178,34
Maria Konopnicka,3.22,5578,192,104,34
Sarah J. Maas,4.36,8085953,673372,87,44
Anthony Doerr,4.3,1567798,118309,47,43
Therese Bohman,3.4,9895,1648,6,31
Amal El-Mohtar,3.95,126279,25194,111,34
Sarah J. Maas,4.36,8085275,673336,87,44
James Joyce,3.75,475813,27859,838,35
Claude Izner,3.09,4015,651,49,33
Tara Westover,4.47,1255931,93610,7,41
Stephenie Meyer,3.68,13006232,387893,74,34
Markus Zusak,4.35,2492083,155646,25,43
J.M. Barrie,4.07,398877,16638,736,45
Eowyn Ivey,4.01,155321,20206,5,41
Victoria Aveyard,3.94,1634737,124980,24,33
Kiera Cass,3.99,3603560,223833,33,33
Ruth Hogan,3.84,154930,15181,5,31
Roshani Chokshi,3.93,154644,31362,38,33
Dale M. Courtney,2.69,197,70,3,21
Jon Ronson,3.91,274713,20060,22,33
Jojo Moyes,4.11,3002979,213734,60,44
Taylor Antrim,3.54,2603,352,3,31
James Dashner,3.95,2764964,144706,50,33
Malcolm Gladwell,4.03,2627165,106462,90,44
James Clear,4.38,509680,35629,19,42
Jennifer Lynn Barnes,4.2,817470,96360,35,43
Patrick Rothfuss,4.46,1572482,93424,55,44
Dan Brown,3.87,7967754,200537,134,34
Joe Abercrombie,4.24,931962,58587,91,44
Robert Louis Stevenson,3.85,1327370,50116,3473,35
Alexis  Hall,4.0,172758,34143,49,43
Lauren Weisberger,3.69,1191545,29487,25,33
Arthur Conan Doyle,4.18,2310183,85786,6786,45
Claire Lombardo,3.95,68794,7622,2,31
Laura Esquivel,3.92,369863,13845,38,33
Alice Mattison,3.19,3160,635,24,33
Jill Santopolo,3.82,165907,14963,28,33
Dai Sijie,3.62,63182,5279,18,32
Kate  Moore,4.17,139821,18891,6,41
Grady Hendrix,3.77,404072,64717,43,33
Henry  Alford,3.13,1780,418,7,31
Morrissey,3.54,13828,1451,27,33
Leo Tolstoy,4.08,1487197,77552,3537,45
Caleb Carr,4.0,246815,13204,25,43
Herman Pleij,3.29,749,105,46,33
Jeff VanderMeer,3.72,450171,50607,214,35
Neal Shusterman,4.22,1004931,127741,86,44
Helen Keller,4.07,150866,4221,111,44
Sarah Pinborough,3.73,224853,34119,83,34
Beth O'Leary,3.96,504201,62571,14,32
Kiera Cass,3.99,3603898,223858,33,33
Stephen Graham Jones,3.69,141710,28101,211,35
Hanya Yanagihara,4.26,463337,71968,14,42
James Patterson,3.99,7545068,398167,1046,35
Laurie Frankel,4.21,193699,20316,7,41
Maria Semple,3.79,617985,55997,8,31
Howard Chaykin,3.78,55051,4385,693,35
Rainbow Rowell,3.96,2767022,263017,93,34
Adam M. Grant,4.04,195754,14552,8,41
Nicola Yoon,3.99,922905,92983,17,32
Milan Kundera,4.02,687009,38604,162,44
John Christopher,3.93,52506,3745,118,34
John Marks,2.78,1384,266,65,24
Janice Knowlton,2.86,251,29,1,21
Neil Gaiman,4.14,7226645,450345,1481,45
Lucinda Rosenfeld,2.99,6268,881,5,21
Maureen Johnson,3.96,935355,100250,57,34
Suzannah Dunn,3.26,7743,1064,16,32
Casey McQuiston,4.11,856789,116995,6,41
Helen Hoang,3.93,572826,69395,7,31
Arthur Conan Doyle,4.18,2310190,85792,6786,45
Colleen McCullough,4.18,449437,14234,118,44
Rudyard Kipling,3.91,411286,18971,2968,35
Jodi Picoult,3.99,4447221,273762,82,34
Titania Hardie,3.09,4809,675,53,33
Oscar Wilde,4.11,2159866,92092,2824,45
Janet Fitch,3.96,358499,10211,18,32
Kiersi Burkhart,3.52,984,288,7,31
Emily St. John Mandel,3.99,711690,83220,20,33
Edgar Allan Poe,4.15,1539982,51512,5482,45
Dale Carnegie,4.2,1004019,28156,524,45
Casey McQuiston,4.11,856713,116993,6,41
Yelena Akhtiorskaya,2.81,1129,228,3,21
Banksy,3.86,226038,1083,25,33
Art Spiegelman,4.37,719117,29905,115,44
Stacy Schiff,3.65,136646,9185,10,32
Chris    Lynch,3.47,13210,3194,64,34
Jennifer Weiner,3.71,1360006,70418,58,34
Penelope Douglas,3.95,1341159,127183,40,33
Greg Mortenson,3.67,371707,26071,5,31
James Joyce,3.75,475821,27860,839,35
Martha Wells,4.25,574360,59161,73,44
Melissa Sue Anderson,2.74,1314,309,7,21
Mindy Kaling,3.91,744686,39436,23,33
Diane Johnson,3.48,21566,2555,79,34
Andrew Keen,3.21,2624,497,9,32
Leigh Bardugo,4.17,3659516,407633,69,44
Howard Zinn,4.08,255076,8972,178,44
Sue Lynn Tan,4.18,37980,8338,4,41
John Green,4.0,8873839,413756,46,43
Stephenie Meyer,3.68,13005848,387884,74,34
Ramsey Campbell,3.97,154690,11217,735,35
Robert Greene,4.17,220494,13492,112,44
Jean-Paul Sartre,4.0,369368,17108,554,45
Marissa Meyer,4.21,2589864,270013,56,44
Kate Quinn,4.32,824584,70577,26,43
Alice Feeney,3.89,501416,62912,15,32
Jenna Evans Welch,4.02,155769,22204,6,41
Hortense Ullrich,3.34,3837,165,102,34
Mary Kubica,3.83,633775,57334,22,33
Andy Weir,4.28,1953645,196612,48,43
Megan Kelso,3.19,1777,317,12,32
Laurie Graff,3.02,2292,288,6,31
Jorge Molist,3.71,3506,352,13,32
Cécile David-Weill,2.59,567,99,6,21
Samantha  Downing,3.81,163125,22980,5,31
Lucy Foley,3.78,1187201,108251,14,32
Truman Capote,4.01,947215,42691,223,45
Sayaka Murata,3.7,223336,34211,28,33
Laini Taylor,4.1,868382,104377,33,43
Patrick Howarth,3.1,145,22,17,32
Jennifer Stevenson,3.37,2136,470,57,34
Isabel Allende,4.0,1050280,75789,146,44
Nicholas Sparks,4.1,6336889,194781,193,44
سلوى النعيمي,2.4,1548,346,7,21
Shari Lapena,3.8,977402,78409,13,32
Liane Moriarty,3.95,3271291,221862,35,33
Huntley Fitzpatrick,3.93,189732,14408,4,31
George R.R. Martin,4.37,6423170,220105,1121,45
Elena  Armas,3.93,490158,58974,4,31
Susan Moody,3.36,1770,249,53,33
Eoin Colfer,3.95,1523259,48539,141,34
Eckhart Tolle,4.16,563832,25042,207,45
Andrea Maria Schenkel,3.19,3746,502,13,32
Philip K. Dick,3.93,1245758,68909,1144,35
Lisa Genova,4.2,533822,54588,14,42
Julia Pierpont,2.98,13053,1801,3,21
Natasha Ngan,3.83,63946,10714,7,31
Simon Beckett,4.01,86764,4979,33,43
Mihaly Csikszentmihalyi,4.08,86690,4802,55,44
Newt Scamander,3.97,381113,11981,1,31
Swati Kaushal,3.25,909,95,8,31
Lucy Ives,3.1,1931,427,19,32
Ken Follett,4.22,2287652,119997,237,45
Liane Moriarty,3.95,3271368,221863,35,33
Frank Herbert,4.13,1887134,77998,364,45
M.L. Stedman,4.04,438440,36747,2,41
Eliza Kennedy,3.11,7613,1218,4,31
Lauren Weisberger,3.69,1191521,29486,25,33
John Coyne,3.6,3852,392,47,33
Cecelia Ahern,3.92,864750,52721,74,34
Daniel Menaker,3.3,1419,309,13,32
Lori Gottlieb,4.35,259863,23286,15,42
John Grisham,3.95,5726241,212203,323,35
Ashley Audrain,4.09,229629,27645,3,41
Raven Kennedy,4.15,322734,29694,33,43
John Marrs,4.1,249380,30318,15,42
Margaret Mitchell,4.31,1200089,23644,72,44
Sun Tzu,3.97,436322,16100,489,35
Rick Yancey,3.94,685090,57125,33,33
Austin Kleon,3.99,321232,12947,8,31
Antoine de Saint-Exupéry,4.31,1888375,60412,573,45
Victoria Aveyard,3.94,1634617,124969,24,33
Lisa Gabriele,3.59,5706,1044,4,31
Walter Isaacson,4.15,1633630,39790,71,44
Mikhail Bulgakov,4.23,432848,23967,465,45
Riley Sager,3.87,711761,95191,10,32
Jonathan Lethem,3.85,362716,38125,200,34
Carol S. Dweck,4.09,129220,9802,21,43
Donna Tartt,4.0,1424451,126050,28,43
Hannah  Grace,4.17,86916,11256,1,41
James Wolcott,3.18,592,57,11,32
Jeannette Walls,4.24,1300382,76521,19,42
خالد خليفة,3.34,6719,1552,7,31
Andy Weir,4.28,1953545,196606,48,43
Helen  Smith,2.98,4323,981,20,23
Douglas Lain,3.42,1128,212,19,32
Michael Ende,4.21,283294,14060,166,44
Sue Monk Kidd,4.07,1745246,82644,38,43
J.D. Salinger,3.84,3654801,90793,119,34
Rosecrans Baldwin,3.37,5239,762,9,32
George R.R. Martin,4.37,6423107,220104,1121,45
Zora Neale Hurston,3.98,375495,24175,139,34
Pip Williams,4.07,81509,10169,13,42
Clara Reeve,3.04,795,109,50,33
Colleen Hoover,4.24,9640565,874692,62,44
Ottessa Moshfegh,3.65,383161,56427,37,33
Margaret Atwood,4.04,3486459,218504,470,45
Fay Weldon,3.48,26524,3045,165,34
Ayn Rand,3.76,924539,48010,210,35
Beth Revis,3.87,255573,27590,45,33
Mark Haddon,3.87,1452660,59872,63,34
Kate Elizabeth Russell,4.09,235160,32649,2,41
Sara Shepard,3.93,926542,54215,106,34
Lorence Alison,2.93,368,112,3,21
Libba Bray,3.85,706186,64013,41,33
David    Allen,3.99,157029,6585,68,34
N.K. Jemisin,4.2,764444,82799,119,44
Arundhati Roy,3.92,335138,24292,86,34
Chuck Palahniuk,3.84,1638019,74329,149,34
Larry   Ellis,1.63,76,25,3,11
Yaa Gyasi,4.36,410142,46054,11,42
Mary Roach,3.95,440504,39678,22,33
Paulo Coelho,3.8,3889259,172390,225,35
Patricia Weitz,2.93,1372,220,1,21
Hafid Bouazza,3.11,1353,122,31,33
Hilary Mantel,4.0,380460,39068,86,44
Alex Michaelides,4.09,1514366,146959,9,42
Patricia Cornwell,3.89,1330664,44514,136,34
Mary Gordon,3.7,31507,2538,83,34
Graeme Simsion,3.93,709565,63531,26,33
Chanel Miller,4.72,149368,21023,1,41
Gabrielle Zevin,4.01,479455,63229,14,42
Kosoko Jackson,3.64,5831,1763,12,32
Ben Horowitz,4.21,89187,4291,16,42
Marieke Nijkamp,3.65,132062,18641,34,33
Elena  Armas,3.93,490031,58960,4,31
Francine Pascal,3.57,269537,11843,811,35
Cal Newport,4.13,247373,22563,92,44
Betje Wolff,3.01,632,40,13,32
James C. Collins,4.1,285802,8170,71,44
George S. Clason,4.26,167652,9270,60,44
Norman Rush,3.67,6470,841,12,32
Dave Pelzer,4.11,531629,22591,39,43
Marcus Aurelius,4.25,192856,10819,425,45
Richard Cohen,2.47,780,205,25,23
Jay Kristoff,4.28,617617,114174,30,43
Philip Kerr,4.01,127256,10979,54,44
Jon Krakauer,4.06,1816797,69478,43,43
Susan Orlean,3.85,145483,22294,40,33
Richard Powers,4.02,212363,29227,69,44
Ocean Vuong,4.07,253273,34607,18,42
Tomi Adeyemi,4.06,263787,37335,7,41
Garrison Keillor,3.83,53635,5634,227,35
Jim Starlin,3.95,101707,6767,796,35
Sister Souljah,4.29,62341,5370,12,42
Jodi Picoult,3.99,4447211,273762,82,34
Andy Weir,4.28,1953489,196598,48,43
Matthew Weiner,2.94,6508,1142,4,21
Ed Catmull,4.21,85126,5108,6,41
Ethan Hauser,2.92,250,50,3,21
Nicholas Sparks,4.1,6336846,194778,193,44
Rob Liefeld,3.9,59021,2750,439,35
Holly  Jackson,4.33,755721,94926,10,42
Aasif Mandvi,3.31,3354,477,10,32
B.L. Morticia,3.47,1055,356,71,34
Jessica Knoll,3.49,212732,17478,3,31
Shirley Jackson,3.92,648274,61474,256,35
Patrick Radden Keefe,4.45,159839,18613,12,42
Shelby Mahurin,3.91,359315,47043,7,31
Frances Mayes,3.76,363013,7649,45,33
Rose Szabo,3.28,6057,1726,5,31
Agatha Christie,4.02,5724455,337935,3345,45
Brandon Sanderson,4.4,4950300,345009,340,45
Rachel Howzell Hall,3.64,40129,4625,22,33
Jojo Moyes,4.11,3003008,213734,60,44
Stieg Larsson,4.17,4852942,160529,68,44
Paula McLain,3.83,449978,40679,17,32
Josh Malerman,3.89,239145,32094,67,34
محمد الأشعري,3.02,648,135,11,32
Tammara Webber,4.03,323234,18652,9,42
V.E. Schwab,4.17,1701519,237366,61,44
Erika Carter,2.62,2879,445,4,21
Min Jin Lee,4.29,394477,39247,13,42
Charlotte Brontë,4.02,3520224,95892,869,45
Vladimir Nabokov,3.88,1417118,61245,505,35
Charlaine Harris,3.94,3519866,139555,197,34
Sarah       Adams,3.81,198931,24958,11,32
Eric Ries,4.11,304465,4372,24,43
Kazuo Ishiguro,3.85,1336656,117741,46,33
Brock Clarke,3.06,8687,1904,15,32
Anthony Doerr,4.3,1567870,118312,47,43
Anne Rice,3.91,2137572,63265,220,35
Alexander Campion,3.04,1561,303,5,31
Robin Sloan,3.74,261952,37684,22,33
Andy Weir,4.28,1953594,196612,48,43
Stacy Willingham,4.02,132310,15462,5,41
Susannah Cahalan,4.05,210718,15824,2,41
Fredrik Backman,4.26,2271558,270402,27,43
Aziz Ansari,3.81,181517,13690,6,31
Alice Feeney,3.89,501430,62912,15,32
Sabaa Tahir,4.25,556000,69692,18,42
Krista Ritchie,4.14,532013,64267,36,43
Tamsyn Muir,4.26,159636,29313,38,43
Helen Fielding,3.74,1141192,23141,35,33
Samantha Shannon,4.08,270642,42687,24,43
Nicholson Baker,3.64,38458,5207,33,33
Hoda Barakat,3.13,3731,839,12,32
Dan Abnett,4.05,270625,17984,1936,45
Charles Dickens,3.91,3609551,121946,5782,35
Kristin Hannah,4.31,3556534,296625,82,44
Carmen Maria Machado,4.12,183806,28174,94,44
Michael Coveney,3.2,1204,264,19,32
Anthony Bourdain,4.04,404064,25074,74,44
Blake Crouch,4.06,940078,102538,74,44
Christine Woodward,2.89,428,109,12,22
J.D. Vance,3.88,383097,32579,5,31
S.M. Stirling,3.91,166564,10154,137,34
Richard P. Feynman,4.25,338645,12974,160,44
James Franco,3.19,19691,2824,45,33
Joshua Williamson,3.8,93813,10384,840,35
Gayle Forman,3.92,1427846,98478,30,33
Madeline  Stevens,2.77,1539,295,1,21
Geoffrey Chaucer,3.56,251646,6171,634,35
Tamara Ireland Stone,4.18,89781,11480,13,42
Douglas Adams,4.2,3166111,75134,87,44
Madeline Miller,4.31,1843766,198156,12,42
Garth Nix,4.04,882095,48202,195,44
Georgia Hunter,4.4,130727,10666,4,41
Daphne du Maurier,4.15,761755,54880,275,45
Becca Fitzpatrick,4.0,1472129,64248,16,42
J.K. Rowling,4.46,32199772,716330,385,45
André Aciman,4.0,502864,48617,49,43
Stephanie Garber,4.12,651245,88736,10,42
Don DeLillo,3.65,263175,21930,71,34
Louise Penny,4.2,1358744,123414,46,43
Charlotte Kerner,2.77,1396,76,18,22
Stephen King,4.06,17485134,775869,1886,45
Octavia E. Butler,4.21,574768,59983,83,44
R.F. Kuang,4.26,304442,57981,15,42
Terry Pratchett,4.16,4926073,186954,415,45
Sarah Perry,3.49,75036,10096,16,32
Gregory Maguire,3.54,925153,51656,95,34
Arthur Golden,4.14,1906202,33687,8,41
H.G. Wells,3.82,1238338,50188,2250,35
Patrick Radden Keefe,4.45,159838,18613,12,42
Ann Nocenti,3.6,22537,2574,440,35
Clifton Campbell,2.93,289,45,2,21
Sarah Gardner Borden,2.62,296,75,1,21
Hilma Wolitzer,3.54,8173,1345,20,33
Richelle Mead,4.24,3310108,152580,80,44
Elizabeth Oberbeck,2.86,716,143,1,21
Laurie Halse Anderson,4.01,997105,70074,61,44
Janet Groth,2.6,1963,470,9,22
Adam Silvera,3.85,859181,112877,23,33
Janet Skeslien Charles,4.07,95446,10529,3,41
Jonathan Safran Foer,3.96,726611,48549,54,34
Ron Chernow,4.2,306037,18367,14,42
Veronica Rossi,4.04,262497,21220,18,42
Rick Riordan,4.34,11197105,446238,278,45
Scarlett St.  Clair,3.89,358148,36320,14,32
Wilkie Collins,3.92,291881,20015,1299,35
John Carreyrou,4.41,234593,20700,5,41
Piper Kerman,3.72,194697,14997,1,31
William L. Shirer,4.19,135468,4492,73,44
Kiley Reid,3.82,447064,36561,5,31
David Grann,4.02,279209,28077,19,42
Philip Pullman,4.05,2727921,84887,165,44
Cal Newport,4.13,247368,22563,92,44
Penelope Ashe,2.98,372,73,4,21
Bonnie Garmus,4.38,234467,25445,5,41
Nick Fowler,2.82,163,27,3,21
Bolesław Prus,3.63,31984,1403,109,34
Kim Howard Johnson,3.78,3729,374,14,32
Margo Howard,3.02,198,52,5,31
Kathryn Stockett,4.47,2530559,87828,4,41
John Farris,3.62,9046,900,71,34
Kurt Vonnegut Jr.,4.07,2787250,100772,464,45
Richard Peck,3.94,107154,11781,81,34
Laura L. Sullivan,3.77,12343,1766,35,33
Jane Austen,4.14,7410567,236940,2081,45
Christina Schwarz,3.73,86472,3516,15,32
Lani Sarem,1.3,915,389,1,11
Corrie ten Boom,4.45,332535,13767,83,44
William Shakespeare,3.86,7295829,154518,7712,35
Holly McQueen,3.25,2296,346,9,32
Chetan Bhagat,3.21,510177,20055,26,33
Carlos Ruiz Zafón,4.17,1036195,87024,46,43
Marissa Meyer,4.21,2589882,270016,56,44
Susan Cain,4.07,413448,29455,12,42
Sally  Thorne,3.87,707197,78791,5,31
Edgar Allan Poe,4.15,1540036,51513,5482,45
Kim Michele Richardson,4.2,215190,24967,7,41
Joshua Williamson,3.8,93810,10384,840,35
Gabriel García Márquez,3.99,1946995,100022,543,35
Pittacus Lore,4.09,881137,46481,65,44
Sophie Kinsella,3.75,3109462,136096,90,34
Taylor Jenkins Reid,4.27,3848601,430360,19,42
Lauren Asher,4.08,443343,47965,16,42
George Eliot,3.86,380212,21679,717,35
Mitch Albom,4.08,2151443,108389,65,44
Ishmael Beah,4.14,185775,12436,10,42
Carol Rifka Brunt,4.03,135995,15284,1,41
Dennis Hopeless,3.73,41367,4854,372,35
Christopher Paolini,3.98,2784426,68613,56,34
Tatiana de Rosnay,4.05,521070,39806,45,43
Miguel de Cervantes Saavedra,3.88,295156,13087,1011,35
Walter Isaacson,4.15,1633640,39790,71,44
Chelsy Day,2.83,176,13,7,21
Laura Dave,3.84,673324,48976,14,32
Isabel Rose,2.88,623,56,10,22
Molly Jong-Fast,2.92,1003,125,6,21
Rebecca Skloot,4.1,680401,38473,5,41
Erin Watt,3.93,385025,34040,21,33
Mario Puzo,4.28,486972,15374,69,44
Andrea Rothman,2.89,1085,250,1,21
Caleb Carr,4.0,246817,13204,25,43
Spencer Johnson,3.87,602552,21300,91,34
Brit Bennett,4.13,756447,62830,14,42
Pamela Anderson,2.92,1770,202,18,22
أمل محمود,2.6,2776,561,3,21
Jasmine Guillory,3.62,423340,43805,17,32
Ken Follett,4.22,2287629,119996,237,45
Oliver Sacks,4.04,431565,24119,88,44
Phaidon Press,3.89,193864,1208,213,35
Lauren Oliver,3.88,1385551,106047,51,33
Norman Vincent Peale,4.16,110627,2430,212,45
Charles Soule,3.87,185149,20457,954,35
William H. McRaven,4.03,118969,8289,24,43
Janice Kulyk Keefer,2.77,835,162,22,23
Tricia Levenseller,3.98,376551,46749,17,32
Stephen King,4.06,17484617,775838,1886,45
Mia Sheridan,4.21,485703,56800,56,44
Joseph Nicolosi,2.06,1088,351,10,22
Jesse Andrews,3.52,142084,15881,5,31
Chris Roberson,3.9,80678,5681,439,35
Cassandra Clare,4.23,8430689,485059,187,44
Viktor E. Frankl,4.36,609684,33863,107,44
Laura  Lane,3.29,726,162,2,31
Tracy Wolff,4.04,301379,35493,97,44
Kendare Blake,3.89,402362,50430,41,33
George Saunders,3.92,337887,46158,108,34
Alice Clayton,4.02,384359,30380,19,42
Dan Brown,3.87,7967724,200537,134,34
Elizabeth Kostova,3.77,308232,24809,13,32
Charlotte Mendelson,3.16,4543,694,12,32
Diane Wei Liang,3.12,1754,332,5,31
Amanda Goldberg,2.97,2075,289,4,21
David Denby,3.57,2730,466,16,32
C.S. Lewis,4.16,7067649,179299,671,45
Tracy Deonn,4.4,89468,18610,6,41
Isaac Asimov,4.17,2345929,77923,2981,45
Dylan Saccoccio,1.62,773,146,11,12
Bruce D. Perry,4.51,73595,7392,21,43
David McCullough,4.08,883389,39003,80,44
Rachel Hawkins,3.84,695934,68308,25,33
Andersen Gabrych,3.82,10571,415,52,33
Darcy Cosper,2.82,799,107,1,21
Stephen King,4.06,17485116,775867,1886,45
Emma McLaughlin,3.41,404850,9245,15,32
Natalie Haynes,4.07,75603,10708,17,42
Gaston Leroux,3.94,241632,10748,533,35
"Mike ""The Situation"" Sorrentino",2.53,110,31,2,21
Charlotte Barnes,3.66,1260,424,21,33
Jennifer L. Armentrout,4.21,3294553,292072,120,44
Jonathan Swift,3.68,343085,9656,1203,35
Margot Lee Shetterly,3.96,117132,12589,5,31
Ann Herendeen,2.85,457,132,15,22
Harriet Beecher Stowe,3.9,225783,9953,674,35
Aiden Thomas,4.24,83955,18133,8,41
Emily St. John Mandel,3.99,711648,83219,20,33
Patrick Rothfuss,4.46,1572490,93424,55,44
David Goggins,4.36,152385,10160,9,42
Veronica Roth,4.03,6677085,294113,50,43
Ransom Riggs,3.97,1666786,107827,27,33
Jason Latour,3.89,68534,6454,281,35
Lois Lowry,4.1,3288566,133159,100,44
B.A. Paris,3.86,771994,75013,17,32
Charles Darwin,4.0,147813,4930,714,45
Susanna Clarke,4.03,448262,49194,33,43
Helena Coggan,3.48,1266,354,5,31
Fredrik Backman,4.26,2271485,270393,27,43
Bill Bryson,4.03,1583115,95727,78,44
Morgan Matson,4.02,321484,38720,14,42
Beechy Colclough,2.99,141,25,3,21
David Foster Wallace,4.12,344433,32559,110,44
Meghan Daum,3.64,22975,3238,13,32
Justin Cronin,4.06,359111,35076,19,42
Olivie Blake,3.84,135748,27471,22,33
Alka Joshi,4.18,175469,15402,4,41
Carmen Maria Machado,4.12,183808,28174,94,44
Tricia Levenseller,3.98,376543,46749,17,32
Mark Leyner,3.49,18132,1790,19,32
Lisa Jewell,3.95,1515014,121188,44,33
E.L. James,3.75,4424653,167742,39,33
V.E. Schwab,4.17,1701431,237356,61,44
Becky Albertalli,4.04,728872,85475,15,42
Mary Beard,4.01,98214,8594,53,43
Mariana Zapata,4.2,901999,100957,15,42
Bill Jemas,3.8,2368,207,60,34
Diane Setterfield,3.93,399522,40667,8,31
Greer Hendricks,3.86,654657,63903,9,32
Stieg Larsson,4.17,4852880,160529,68,44
Thomas Keneally,4.26,177237,5756,106,44
Voltaire,3.77,297878,12798,2222,35
Harriet Griffey,3.46,1246,156,55,34
Kristin Cashore,4.06,751443,50594,16,42
Bekka Black,3.0,912,282,2,31
Timothy Ferriss,3.93,363013,14270,34,33
T.J. Klune,4.38,729679,128337,55,44
Iain Reid,3.62,136271,25225,7,31
Shelley Parker-Chan,3.91,40446,7648,4,31
Adam Rex,3.97,66499,12248,70,34
Neil deGrasse Tyson,4.09,239119,21233,60,44
Robin Wall Kimmerer,4.55,81683,11940,19,42
F. Scott Fitzgerald,3.91,5107601,118141,1273,35
Taylor Jenkins Reid,4.27,3847577,430281,19,42
Brandon Sanderson,4.4,4949957,344988,340,45
William Gibson,3.89,684654,31211,203,34
Stephanie Garber,4.12,651374,88754,10,42
Kit Reed,3.7,13467,1828,177,34
Marie Lu,4.15,1523417,155114,44,43
Δημήτρης Δημητριάδης,3.73,1158,156,63,34
Andrzej Sapkowski,4.16,1079710,59747,156,44
Mark Oppenheimer,3.88,890,184,19,32
Michael Pollan,4.12,613422,47259,62,44
Hans Rosling,4.36,166358,13497,8,41
Celeste Ng,4.01,1538963,115892,14,42
Gayle Forman,3.92,1427808,98476,30,33
Andrew S. Trees,3.31,891,150,13,32
Victoria Foyt,2.14,1120,436,7,21
Charlaine Harris,3.94,3519871,139555,197,34
Sherman Alexie,4.05,422872,41734,114,44
Seanan McGuire,4.02,694982,93391,456,45
Elizabeth Lim,4.05,134340,24321,18,42
Elliot S. Maggin,4.21,65669,2052,175,44
Benjamin Markovits,3.15,2005,363,18,32
Elizabeth Gilbert,3.69,2279140,116284,46,33
Jeffrey Eugenides,4.01,2107597,84513,30,43
Doug Henderson,3.53,622,128,9,32
Ernest Hemingway,3.83,2446549,97599,944,35
James Hawes,3.68,8401,896,23,33
Jesse Q. Sutanto,3.7,91995,17468,10,32
Gustaaf Peek,2.93,1107,169,12,22
Jonas Jonasson,3.79,348051,35276,11,32
Anne Frank,4.18,3446416,39176,71,44
Josefina López,3.36,925,139,10,32
J.C. Cliff,3.9,8567,1425,12,32
Amir Tag Elsir,3.34,5892,1526,29,33
V.E. Schwab,4.17,1701292,237346,61,44
Kazuo Ishiguro,3.85,1336716,117743,46,33
Roald Dahl,4.14,3884884,114659,913,45
Sarah Penner,3.76,254886,28396,2,31
Adan Jerreat-Poole,2.98,733,410,4,21
Thomas  Harris,4.08,1002450,22444,28,43
Nita Prose,3.85,240710,26287,4,31
Augusten Burroughs,3.82,664408,28165,19,32
James  Bradley,3.33,6192,1073,30,33
Claire Messud,3.22,70422,9251,35,33
Mary  O'Connell,3.14,1294,294,3,31
Sean Penn,2.45,1796,433,11,22
S.E. Hinton,4.1,1259283,46344,32,43
Kathleen  Hale,3.22,8082,1896,5,31
Kathleen Glasgow,4.1,126130,16308,10,42
J.R. Ward,4.28,2218681,125438,155,44
Benjamin Alire Sáenz,4.31,591334,79555,36,43
Louise Dean,3.04,1204,192,4,31
Brandon Sanderson,4.4,4950089,344996,340,45
Erik Larson,4.0,1154518,87030,26,43
Marissa Meyer,4.21,2589749,270000,56,44
Harper Lee,4.23,5795812,139973,50,43
Manny Howard,2.79,419,121,2,21
Sophie Kinsella,3.75,3109459,136095,90,34
Roseanne Montillo,3.32,3790,832,8,31
Megan Whalen Turner,4.09,214478,24004,16,42
Alex North,3.97,177814,22261,12,32
Renée Ahdieh,3.96,406198,58486,26,33
Ruth Ozeki,4.02,151826,19747,16,42
Dee Brown,4.22,89964,5367,55,44
John Kennedy Toole,3.88,266030,17835,2,31
Emily Giffin,3.81,1643267,66729,20,33
Grant Ginder,3.05,17319,2493,5,31
Joan Aiken,3.96,61613,5548,286,35
Albert Camus,4.02,1436037,65349,564,45
Tessa Bailey,3.9,1002273,113174,78,34
D.G. Chichester,4.06,16049,416,195,44
Kiera Cass,3.99,3603626,223840,33,33
Matthew Battles,3.42,2287,398,9,32
Elissa Sussman,3.72,61211,10022,5,31
Nadine Gordimer,3.57,31847,3517,225,35
Robin LaFevers,3.98,176295,16812,8,31
Benjamin Franklin,3.87,93822,4670,637,35
Charles Duhigg,4.11,486457,23285,24,43
Brandie Buckwine,3.28,1186,171,10,32
Sigmund Freud,3.81,230785,9537,1623,35
Charles den Tex,3.33,2713,294,31,33
Ron Chernow,4.2,306036,18367,14,42
Lev Grossman,3.71,473460,44905,45,33
Sue Townsend,3.76,128826,7264,74,34
Candice Carty-Williams,3.87,135227,13517,20,33
Jane Harper,3.98,474287,45324,12,32
Robin Hobb,4.22,1454659,65914,248,45
Emma Cline,3.48,203248,20712,20,33
Silvia Moreno-Garcia,3.72,400482,63948,143,34
Kate Morton,4.03,748734,76103,20,43
Johnny Damon,2.86,338,40,2,21
Alyssa Cole,3.7,144865,25372,37,33
Erich Maria Remarque,4.12,544313,19552,118,44
Kurt Vonnegut Jr.,4.07,2787191,100770,464,45
Audrey Niffenegger,3.94,1830702,68280,41,33
Greer Hendricks,3.86,654642,63903,9,32
Stephenie Meyer,3.68,13006065,387890,74,34
Karin Slaughter,4.07,1522375,109106,107,44
Samuel Richardson,3.05,20869,1573,328,35
Cecily von Ziegesar,3.59,307708,11438,70,34
Mona Awad,3.52,101838,23576,10,32
Eric Wallace,3.53,1625,172,54,34
Jennette McCurdy,4.59,249076,31464,1,41
Fannie Flagg,4.13,505290,34239,39,43
Kathleen Grissom,4.21,290107,23344,6,41
Catherine Millet,2.88,3712,464,46,23
Yann Martel,3.91,1569054,57986,29,33
Allie Brosh,4.17,231021,18751,3,41
Matthew Flaming,3.0,1277,312,1,31
Danielle L. Jensen,4.1,207786,23624,22,43
Nina LaCour,3.87,212731,32333,18,32
Ursula K. Le Guin,4.07,1257997,85583,753,45
Levi Johnston,2.82,168,31,1,21
Rebecca Serle,3.75,500075,49620,13,32
Ali Hazelwood,4.13,1187810,149821,9,42
Tessa Bailey,3.9,1002342,113179,78,34
Xiran Jay Zhao,4.15,51896,12698,3,41
Torrey Peters,3.99,60645,7688,9,32
Charles Bock,3.08,3979,850,7,31
Harper Lee,4.23,5795640,139969,50,43
Taylor  Adams,3.98,128417,18302,5,31
Alyson Noel,3.68,743254,31589,54,34
Megan Miranda,3.68,470379,41727,18,32
Gustave Flaubert,3.7,358832,17697,650,35
Lionel Shriver,3.93,261296,27655,47,33
John Irving,4.01,1019490,45647,86,44
Lisa Jewell,3.95,1515062,121192,44,33
Kate Quinn,4.32,824595,70577,26,43
Herman Melville,3.57,664896,30878,1002,35
Carl Sagan,4.25,466985,16798,96,44
Ray Bradbury,3.99,2966177,120429,724,35
Kami Garcia,3.82,1036312,56960,79,34
Edith Wharton,3.79,479694,31904,1134,35
Anna Maxted,3.55,42777,1249,20,33
Rachel Pine,2.89,559,66,1,21
Charlotte Roche,2.84,11985,1328,8,21
Mackenzi Lee,4.04,215548,36148,18,42
Alan Cumyn,2.86,1349,424,16,22
Catherine E. McKinley,3.48,961,197,9,32
Lisa Wingate,4.3,743089,63894,37,43
Paul  Davids,2.89,4289,253,14,22
Richard Dawkins,4.02,698105,26920,110,44
Charles Dickens,3.91,3609421,121932,5782,35
Charles Baxter,3.72,32787,3625,68,34
Siddhartha Mukherjee,4.32,145037,12607,28,43
R.L. Stine,3.7,959456,56710,1156,35
Robert Ludlum,4.01,1111519,18062,240,45
Meg Wolitzer,3.56,249464,29195,35,33
Cormac McCarthy,4.02,1406741,95514,46,43
Ben Marcus,4.07,87088,3771,45,43
Emily Henry,4.05,1909306,216951,11,42
A.L. Kennedy,3.65,10846,1837,69,34
Marie Kondō,3.87,403715,37800,34,33
Sylvia Day,4.13,1478207,69875,104,44
Joan Didion,3.96,422550,37908,84,34
Taylor Jenkins Reid,4.27,3848195,430320,19,42
Alex Michaelides,4.09,1514160,146950,9,42
Tana French,3.86,1075244,91140,16,32
Dante Alighieri,4.03,370132,15059,919,45
Patrick Rothfuss,4.46,1572436,93422,55,44
Christina Lauren,3.99,2257526,229455,74,34
Alexandra Aldrich,2.91,1294,223,1,21
Bessel van der Kolk,4.46,113948,9697,32,43
Victor Hugo,4.15,1056468,34645,2259,45
Nathaniel Hawthorne,3.46,947803,27917,1820,35
Dennis Lehane,4.03,616403,37937,84,44
Adam Kay,4.35,305117,21747,31,43
Amanda Elyot,3.51,1874,203,4,31
Andrew O'Hagan,3.79,17166,2381,34,33
Olivie Blake,3.84,135700,27467,22,33
Garth Stein,4.2,522317,45948,19,42
Alice Feeney,3.89,501391,62909,15,32
Karl Marx,3.78,232128,12935,1398,35
Charles Dickens,3.91,3609346,121924,5782,35
L. Frank Baum,3.97,642536,27961,1112,35
Mark Haddon,3.87,1452643,59872,63,34
Erik Larson,4.0,1154503,87029,26,43
Lauren Groff,3.65,254745,32131,56,34
Brian Michael Bendis,3.92,594011,39659,2816,35
Hallie Rubenhold,4.08,50137,7221,8,41
Shel Silverstein,4.34,3015046,42829,118,44
Walter Isaacson,4.15,1633601,39790,71,44
Adrienne Young,4.0,192159,31034,12,42
Abby Grahame,2.88,1363,299,1,21
Charles Soule,3.87,185148,20457,954,35
Mark Manson,3.92,1014602,64007,78,34
Max Brooks,3.98,663103,40693,84,34
Lucy Foley,3.78,1187424,108270,14,32
Bill Bryson,4.03,1583136,95729,78,44
Jim Theis,2.68,573,231,2,21
Peter  Swanson,3.79,362345,45488,13,32
Susanna Clarke,4.03,448266,49196,33,43
Elle Kennedy,4.08,1913891,162394,172,44
Michael Drosnin,3.02,2910,236,6,31
Meg Rosoff,3.5,74051,9711,34,33
Jonathan Haidt,4.19,118495,11616,18,42
Phil Knight,4.47,243297,15363,52,43
Patricia Marx,3.1,5563,1303,32,33
Anne Brontë,3.9,177019,11727,352,35
Dustin Thao,3.74,63188,13048,2,31
Tina Fey,3.96,949773,41166,9,32
Jim Hougan,3.41,1688,132,10,32
Bruna Surfistinha,2.78,1006,64,4,21
P.C. Cast,3.94,2278946,66569,120,34
Ivanka Trump,3.15,1936,332,5,31
Rachel Johnson,3.09,2401,325,48,33
Cassandra Khaw,3.17,40875,9436,112,34
Randy Davila,3.2,424,257,6,31
Stuart Turton,3.87,311380,45135,5,31
Cinda Williams Chima,4.2,395802,25317,22,43
Fredric Wertham,3.18,304,64,15,32
Stephanie Rowe,4.11,58380,5901,98,44
Susanna Rowson,2.95,2972,298,28,23
Sarah Andersen,4.15,212487,22695,14,42
Scott Westerfeld,3.84,1580588,86182,77,34
H.G. Wells,3.82,1238347,50189,2250,35
Kim Wong Keltner,3.2,2054,281,4,31
Simon Winchester,3.85,188425,14913,74,34
Paula Hawkins,3.89,3113071,158298,16,32
Kate Quinn,4.32,824572,70577,26,43
Philip K. Dick,3.93,1245740,68909,1144,35
Morgan Housel,4.38,88310,7406,4,41
Betty Edwards,3.88,348717,1055,23,33
Marieke Nijkamp,3.65,132036,18639,34,33
Emma Straub,3.49,270035,26165,22,33
Patrick Lapeyre,2.82,394,47,10,22
Abi Daré,4.45,123444,13643,4,41
F. Scott Fitzgerald,3.91,5107397,118138,1273,35
Neal Stephenson,4.04,917348,58921,94,44
Eric Rutkow,3.93,1104,189,2,31
Kristin Hannah,4.31,3556497,296620,82,44
Alex Aster,3.54,13838,3501,5,31
Amy Tan,3.94,1006296,30319,84,34
Mark Bittman,3.98,142216,3988,58,34
Robert M. Pirsig,3.78,226465,10317,11,32
Sapphire,3.84,63748,7883,16,32
Leigh Bardugo,4.17,3659560,407634,69,44
Frederik Pohl,3.9,141130,7868,754,35
Alisa Sheckley,3.04,631,81,2,31
Dustin Diamond,2.34,724,155,2,21
Joseph Heller,3.97,817675,23025,43,33
James S.A. Corey,4.29,989780,60186,68,44
E.B. White,4.17,1997007,34613,136,44
Robert Bloch,4.09,175511,9282,861,45
Kerri Maniscalco,4.06,544129,75985,15,42
Maurice Sendak,4.22,1206781,23221,205,44
Angeline Boulley,4.36,99237,14466,4,41
William Golding,3.69,2685635,50212,91,34
Carlos Ruiz Zafón,4.17,1036190,87024,46,43
Caitlin Flanagan,3.16,1281,307,3,31
Susana Fortes,3.23,2277,292,14,32
Agustina Bazterrica,3.88,87615,18913,9,32
Rich Shapero,2.39,3234,1117,10,22
Emilio Calderón,3.19,1005,142,43,33
A.J. Finn,3.96,680773,55356,6,31
Gillian McAllister,4.04,98375,11139,11,42
Ijeoma Oluo,4.49,112561,13129,15,42
Josephine Carr,2.8,670,150,5,21
John Ajvide Lindqvist,3.9,146928,11656,57,34
Diana Wynne Jones,4.12,673448,47749,90,44
Plato,4.03,500348,18002,1915,45
Reni Eddo-Lodge,4.39,101991,8864,26,43
Mikki Kendall,4.37,43949,6078,13,42
E.L. James,3.75,4424543,167741,39,33
Graham Swift,3.64,48939,4949,45,33
Roxane Gay,4.06,303086,35484,123,44
قماشة العليان,2.7,4244,442,9,22
William Shakespeare,3.86,7295856,154518,7712,35
Erin Morgenstern,4.0,1031772,123843,5,41
C.J. Henderson,3.69,7087,905,216,35
Caedem Marquez,3.02,537,73,10,32
J.K. Rowling,4.46,32200425,716343,385,45
Ian McEwan,3.74,1097044,75318,115,34
Isabel Wilkerson,4.49,212975,28557,7,41
Barbara W. Tuchman,4.11,136834,6910,30,43
Stephen R. Covey,4.13,849238,20611,506,45
Frances Hodgson Burnett,4.16,1422554,38142,647,45
جنى فواز الحسن,2.76,1633,397,7,21
Taylor Jenkins Reid,4.27,3848367,430331,19,42
Chris Guillebeau,3.84,88656,4241,40,33
Suzanne Collins,4.26,14551351,471004,32,43
Oyinkan Braithwaite,3.69,251603,28845,7,31
Jamie Ford,3.99,345996,30768,23,33
Jennifer L. Armentrout,4.21,3294466,292070,120,44
Alice Sebold,3.82,2372006,54763,14,32
Lucy Foley,3.78,1187320,108261,14,32
Piers Anthony,3.84,650844,13906,347,35
Elie Wiesel,4.34,1200209,39501,210,45
Michael Crichton,3.87,2667951,76866,129,34
Margaret  Rogerson,3.91,192097,33234,4,31
Lee Child,4.07,2611584,131252,360,45
Stephen Chbosky,4.2,1640166,86283,11,42
Ally Condie,3.6,1171751,68896,28,33
Amber   Smith,4.16,50061,6516,9,42
Jennifer Wolfthal,2.25,103,61,1,21
Heidi Pitlor,3.66,27562,3779,22,33
T.J. Klune,4.38,729747,128345,55,44
David Metzenthen,3.26,1098,195,49,33
Joanna Kavenna,3.25,2300,491,14,32
Thomas Hardy,3.86,673575,32752,1187,35
Tracy Chevalier,3.86,955826,36481,53,33
Courtney Summers,3.94,193498,36372,16,32
Elizabeth Acevedo,4.3,281118,47891,19,42
Ali Hazelwood,4.13,1187570,149802,9,42
Jojo Moyes,4.11,3003022,213734,60,44
Heather   Morris,4.3,934711,63078,14,42
Emma Donoghue,3.97,1030443,82303,67,34
Philip G. Zimbardo,4.29,71704,6426,100,44
Fyodor Dostoevsky,4.19,1947631,101858,2345,45
Henry David Thoreau,3.84,283099,12581,968,35
Alice Walker,4.23,708018,26772,197,44
Yaa Gyasi,4.36,410151,46054,11,42
Lauren Kate,3.79,1194214,52807,54,34
Sylvia Nasar,4.13,132150,1812,9,42
Bret Easton Ellis,3.71,491312,25276,27,33
Lynn Painter,4.08,128132,22623,8,41
Lynn Edelman Schnurnberger,3.35,3582,381,9,32
William Landay,3.98,293522,23559,4,31
John Boyne,4.16,1044991,70115,44,43
Joshua Foer,3.9,91741,7210,8,31
Hannah Mccouch,2.76,357,63,2,21
Steven Erikson,4.25,502750,24160,117,44
Albert Camus,4.02,1435968,65346,564,45
Gillian Flynn,4.06,4699806,273615,21,43
Rebbecca Ray,2.89,1977,191,6,21
Robert  Stone,3.91,67113,4793,36,33
William Makepeace Thackeray,3.79,133753,4969,1101,35
Kalynn  Bayron,3.84,75005,13682,17,32
Homer,3.84,1514834,29713,1246,35
Stephenie Meyer,3.68,13006278,387894,74,34
Samantha Young,4.1,696075,54447,88,44
Julie Kagawa,4.05,901390,68723,76,44
Holly Black,4.09,2906111,278344,168,44
Abraham   Verghese,4.3,440150,36353,14,42
Caroline Kepnes,3.85,318418,36859,25,33
Jack Weatherford,4.03,75583,4554,14,42
Martin Amis,3.62,126031,9835,76,34
J.K. Rowling,4.46,32199008,716314,385,45
Michelle Alexander,4.52,100472,10225,25,43
Kevin Kwan,3.86,835020,64118,7,31
George Dawes Green,4.0,21274,1534,8,41
Travis Bradberry,3.84,83837,1885,22,33
J.R.R. Tolkien,4.35,10073709,175264,512,45
Isaac Asimov,4.17,2345921,77922,2981,45
Alix E. Harrow,4.01,203831,33510,39,43
Eva Stachniak,3.55,16970,2055,6,31
David  James,2.98,321,89,2,21
Sheryl Sandberg,3.94,309225,18599,27,33
John Milton,3.85,186657,6711,914,35
Sara Nisha Adams,4.08,52854,8325,2,41
Tessa Bailey,3.9,1002179,113163,77,34
Maria Mosterd,2.49,1398,103,3,21
Carrie Mesrobian,3.47,5100,1011,7,31
Salman Rushdie,3.83,378881,30796,138,34
Isabel Allende,4.0,1050289,75791,146,44
Kristin Hannah,4.31,3556263,296614,82,44
Tommy Orange,3.98,156435,18528,12,32
Ta-Nehisi Coates,4.27,499214,49085,221,45
Mariana Zapata,4.2,901968,100953,15,42
Jennifer Lynn Barnes,4.2,817207,96336,35,43
Nassim Nicholas Taleb,4.0,245776,16476,43,43
Danielle Crittenden,3.4,903,160,4,31
Agatha Christie,4.02,5724594,337947,3345,45
Katherine Arden,4.23,353862,48530,14,42
Christopher L. Bennett,3.87,15137,1503,60,34
Betty  Smith,4.28,448442,25874,15,42
Matt Bondurant,3.58,6388,851,7,31
